SettlementPoint,Year,HourlyVolatility
HB_WEST,2016,0.5296607651481426
HB_WEST,2017,0.5281841869099935
HB_WEST,2018,0.7085183170935415
HB_PAN,2019,1.070196957985806
